timestamp_recv_us,can_id,signal_name,brake_level,latency_us
1790309176129055,0x10,BRAKE_EMERGENCY,95,89
1790309180163234,0x110,BRAKE_NORMAL,30,98
1790309207436952,0x10,BRAKE_EMERGENCY,95,104
1790309207714109,0x10,BRAKE_EMERGENCY,95,81
1790309207952572,0x10,BRAKE_EMERGENCY,95,95
1790309208191000,0x10,BRAKE_EMERGENCY,95,80
1790309208425634,0x10,BRAKE_EMERGENCY,95,86
1790309208663875,0x10,BRAKE_EMERGENCY,95,78
1790309209296472,0x10,BRAKE_EMERGENCY,95,82
1790309209486420,0x10,BRAKE_EMERGENCY,95,86
1790309209651370,0x10,BRAKE_EMERGENCY,95,92
1790309209816590,0x10,BRAKE_EMERGENCY,95,125
1790309209976075,0x10,BRAKE_EMERGENCY,95,88
1790309210106067,0x10,BRAKE_EMERGENCY,95,148
1790309210240463,0x10,BRAKE_EMERGENCY,95,86
1790309210403244,0x10,BRAKE_EMERGENCY,95,80
1790309210531164,0x110,BRAKE_NORMAL,30,97
1790309210689522,0x10,BRAKE_EMERGENCY,95,89
1790309210839313,0x10,BRAKE_EMERGENCY,95,90
1790309210990194,0x110,BRAKE_NORMAL,30,82
1790309211115854,0x110,BRAKE_NORMAL,30,100
1790309211268440,0x10,BRAKE_EMERGENCY,95,89
1790309211420747,0x10,BRAKE_EMERGENCY,95,124
1790309211580101,0x10,BRAKE_EMERGENCY,95,86
1790309211722844,0x10,BRAKE_EMERGENCY,95,112
1790309211866325,0x10,BRAKE_EMERGENCY,95,126
1790309212009799,0x10,BRAKE_EMERGENCY,95,98
1790309212156076,0x10,BRAKE_EMERGENCY,95,133
1790309212304044,0x110,BRAKE_NORMAL,30,165
1790309212467565,0x10,BRAKE_EMERGENCY,95,138
1790309212810961,0x110,BRAKE_NORMAL,30,104
1790309212970960,0x10,BRAKE_EMERGENCY,95,110
1790309213113933,0x10,BRAKE_EMERGENCY,95,141
1790309213252506,0x10,BRAKE_EMERGENCY,95,108
1790309213395529,0x10,BRAKE_EMERGENCY,95,96
1790309213551736,0x10,BRAKE_EMERGENCY,95,83
1790309213902090,0x10,BRAKE_EMERGENCY,95,70
1790309214088874,0x10,BRAKE_EMERGENCY,95,85
1790309214275116,0x10,BRAKE_EMERGENCY,95,86
1790309214466476,0x10,BRAKE_EMERGENCY,95,127
1790309214655998,0x10,BRAKE_EMERGENCY,95,108
1790309214846330,0x10,BRAKE_EMERGENCY,95,103
1790309215038664,0x10,BRAKE_EMERGENCY,95,117
1790309215232709,0x10,BRAKE_EMERGENCY,95,104
1790309215427917,0x10,BRAKE_EMERGENCY,95,126
1790309215610028,0x10,BRAKE_EMERGENCY,95,90
1790309215796540,0x10,BRAKE_EMERGENCY,95,124
1790309216207826,0x10,BRAKE_EMERGENCY,95,103
1790309216516245,0x110,BRAKE_NORMAL,30,179
1790309216688574,0x110,BRAKE_NORMAL,30,115
1790309216822675,0x110,BRAKE_NORMAL,30,92
1790309216961151,0x110,BRAKE_NORMAL,30,79
1790309217082791,0x110,BRAKE_NORMAL,30,162
1790309217212797,0x110,BRAKE_NORMAL,30,93
1790309217429827,0x10,BRAKE_EMERGENCY,95,104
1790309217711616,0x10,BRAKE_EMERGENCY,95,97
1790309217976028,0x10,BRAKE_EMERGENCY,95,73
1790309218301265,0x10,BRAKE_EMERGENCY,95,64
1790309218604581,0x110,BRAKE_NORMAL,30,100
1790309219583736,0x10,BRAKE_EMERGENCY,95,110
1790309220090300,0x10,BRAKE_EMERGENCY,95,76
1790309220532233,0x10,BRAKE_EMERGENCY,95,87
1790309220779486,0x110,BRAKE_NORMAL,30,169
1790309221182529,0x110,BRAKE_NORMAL,30,74
1790309221664043,0x10,BRAKE_EMERGENCY,95,103
1790309221810512,0x110,BRAKE_NORMAL,30,119
1790309222452103,0x10,BRAKE_EMERGENCY,95,77
1790309222573690,0x110,BRAKE_NORMAL,30,159
1790309223033091,0x10,BRAKE_EMERGENCY,95,142
1790309223153535,0x110,BRAKE_NORMAL,30,102
1790309223548049,0x10,BRAKE_EMERGENCY,95,113
1790309223673802,0x110,BRAKE_NORMAL,30,105
1790309224016368,0x10,BRAKE_EMERGENCY,95,90
1790309224150731,0x110,BRAKE_NORMAL,30,104
1790309224506612,0x10,BRAKE_EMERGENCY,95,89
1790309224622691,0x110,BRAKE_NORMAL,30,92
1790309225001123,0x10,BRAKE_EMERGENCY,95,88
1790309225130209,0x110,BRAKE_NORMAL,30,78
1790309225403409,0x10,BRAKE_EMERGENCY,95,85
1790309225680465,0x110,BRAKE_NORMAL,30,157
1790309226136068,0x10,BRAKE_EMERGENCY,95,83
1790309226274264,0x110,BRAKE_NORMAL,30,102
1790309226621702,0x10,BRAKE_EMERGENCY,95,111
1790309226759114,0x110,BRAKE_NORMAL,30,105
1790309227053901,0x10,BRAKE_EMERGENCY,95,72
1790309227192424,0x110,BRAKE_NORMAL,30,150
1790309227504665,0x10,BRAKE_EMERGENCY,95,66
1790309227639554,0x110,BRAKE_NORMAL,30,96
1790309227965322,0x10,BRAKE_EMERGENCY,95,84
1790309228112030,0x110,BRAKE_NORMAL,30,94
1790309228415385,0x10,BRAKE_EMERGENCY,95,116
1790309228562373,0x110,BRAKE_NORMAL,30,51
1790309228844079,0x10,BRAKE_EMERGENCY,95,84
1790309229363940,0x110,BRAKE_NORMAL,30,102
1790309229723944,0x10,BRAKE_EMERGENCY,95,95
1790309229870485,0x110,BRAKE_NORMAL,30,55
1790309230175251,0x10,BRAKE_EMERGENCY,95,78
1790309230720156,0x110,BRAKE_NORMAL,30,87
1790309231452034,0x10,BRAKE_EMERGENCY,95,97
1790309231647608,0x110,BRAKE_NORMAL,30,137
1790309232102616,0x10,BRAKE_EMERGENCY,95,169
1790309232531274,0x110,BRAKE_NORMAL,30,85
1790309233077714,0x10,BRAKE_EMERGENCY,95,139
1790309233272241,0x110,BRAKE_NORMAL,30,97
1790309233710083,0x110,BRAKE_NORMAL,30,76
1790309234239195,0x10,BRAKE_EMERGENCY,95,147
1790309234620038,0x10,BRAKE_EMERGENCY,95,76
1790309234906043,0x110,BRAKE_NORMAL,30,121
1790309235552395,0x10,BRAKE_EMERGENCY,95,141
1790309235924009,0x10,BRAKE_EMERGENCY,95,124
1790309236410878,0x110,BRAKE_NORMAL,30,142
1790309236795488,0x10,BRAKE_EMERGENCY,95,82
1790309237268443,0x110,BRAKE_NORMAL,30,108
1790309237623050,0x10,BRAKE_EMERGENCY,95,101
1790309237961434,0x10,BRAKE_EMERGENCY,95,91
1790309238225731,0x10,BRAKE_EMERGENCY,95,152
1790309238455274,0x10,BRAKE_EMERGENCY,95,34
1790309238614845,0x110,BRAKE_NORMAL,30,50
1790309238802127,0x110,BRAKE_NORMAL,30,62
1790309239174519,0x10,BRAKE_EMERGENCY,95,76
1790309239439522,0x110,BRAKE_NORMAL,30,104
1790309239794033,0x10,BRAKE_EMERGENCY,95,79
1790309239985176,0x110,BRAKE_NORMAL,30,115
1790309240461421,0x10,BRAKE_EMERGENCY,95,117
1790309240652171,0x110,BRAKE_NORMAL,30,129
